"GAME_ID","GAME_DATE","MATCHUP","HomeTeam","AwayTeam","HomeTeam_WL"
21500001,"2015-10-27","ATL vs. DET","ATL","DET","L"
21500002,"2015-10-27","CHI vs. CLE","CHI","CLE","W"
21500003,"2015-10-27","GSW vs. NOP","GSW","NOP","W"
21500004,"2015-10-28","ORL vs. WAS","ORL","WAS","L"
21500005,"2015-10-28","BOS vs. PHI","BOS","PHI","W"
21500006,"2015-10-28","BKN vs. CHI","BKN","CHI","L"
21500007,"2015-10-28","DET vs. UTA","DET","UTA","W"
21500008,"2015-10-28","MIA vs. CHA","MIA","CHA","W"
21500009,"2015-10-28","TOR vs. IND","TOR","IND","W"
21500010,"2015-10-28","HOU vs. DEN","HOU","DEN","L"
21500011,"2015-10-28","MEM vs. CLE","MEM","CLE","L"
21500012,"2015-10-28","MIL vs. NYK","MIL","NYK","L"
21500013,"2015-10-28","OKC vs. SAS","OKC","SAS","W"
21500014,"2015-10-28","PHX vs. DAL","PHX","DAL","L"
21500015,"2015-10-28","POR vs. NOP","POR","NOP","W"
21500016,"2015-10-28","SAC vs. LAC","SAC","LAC","L"
21500017,"2015-10-28","LAL vs. MIN","LAL","MIN","L"
21500018,"2015-10-29","IND vs. MEM","IND","MEM","L"
21500019,"2015-10-29","NYK vs. ATL","NYK","ATL","L"
21500020,"2015-10-29","LAC vs. DAL","LAC","DAL","W"
21500021,"2015-10-30","CLE vs. MIA","CLE","MIA","W"
21500022,"2015-10-30","ORL vs. OKC","ORL","OKC","L"
21500023,"2015-10-30","PHI vs. UTA","PHI","UTA","L"
21500024,"2015-10-30","BOS vs. TOR","BOS","TOR","L"
21500025,"2015-10-30","DET vs. CHI","DET","CHI","W"
21500026,"2015-10-30","ATL vs. CHA","ATL","CHA","W"
21500027,"2015-10-30","MIL vs. WAS","MIL","WAS","L"
21500028,"2015-10-30","SAS vs. BKN","SAS","BKN","W"
21500029,"2015-10-30","DEN vs. MIN","DEN","MIN","L"
21500030,"2015-10-30","HOU vs. GSW","HOU","GSW","L"
21500031,"2015-10-30","SAC vs. LAL","SAC","LAL","W"
21500032,"2015-10-30","PHX vs. POR","PHX","POR","W"
21500033,"2015-10-31","IND vs. UTA","IND","UTA","L"
21500034,"2015-10-31","WAS vs. NYK","WAS","NYK","L"
21500035,"2015-10-31","NOP vs. GSW","NOP","GSW","L"
21500036,"2015-10-31","MEM vs. BKN","MEM","BKN","W"
21500037,"2015-10-31","POR vs. PHX","POR","PHX","L"
21500038,"2015-10-31","LAC vs. SAC","LAC","SAC","W"
21500039,"2015-11-01","CHA vs. ATL","CHA","ATL","L"
21500040,"2015-11-01","BOS vs. SAS","BOS","SAS","L"
21500041,"2015-11-01","MIA vs. HOU","MIA","HOU","W"
21500042,"2015-11-01","TOR vs. MIL","TOR","MIL","W"
21500043,"2015-11-01","CHI vs. ORL","CHI","ORL","W"
21500044,"2015-11-01","OKC vs. DEN","OKC","DEN","W"
21500045,"2015-11-01","LAL vs. DAL","LAL","DAL","L"
21500046,"2015-11-02","PHI vs. CLE","PHI","CLE","L"
21500047,"2015-11-02","BKN vs. MIL","BKN","MIL","L"
21500048,"2015-11-02","NYK vs. SAS","NYK","SAS","L"
21500049,"2015-11-02","HOU vs. OKC","HOU","OKC","W"
21500050,"2015-11-02","MIN vs. POR","MIN","POR","L"
21500051,"2015-11-02","GSW vs. MEM","GSW","MEM","W"
21500052,"2015-11-02","LAC vs. PHX","LAC","PHX","W"
21500053,"2015-11-03","CHA vs. CHI","CHA","CHI","W"
21500054,"2015-11-03","DET vs. IND","DET","IND","L"
21500055,"2015-11-03","MIA vs. ATL","MIA","ATL","L"
21500056,"2015-11-03","NOP vs. ORL","NOP","ORL","L"
21500057,"2015-11-03","DAL vs. TOR","DAL","TOR","L"
21500058,"2015-11-03","SAC vs. MEM","SAC","MEM","L"
21500059,"2015-11-03","LAL vs. DEN","LAL","DEN","L"
21500060,"2015-11-04","IND vs. BOS","IND","BOS","W"
21500061,"2015-11-04","WAS vs. SAS","WAS","SAS","W"
21500062,"2015-11-04","ATL vs. BKN","ATL","BKN","W"
21500063,"2015-11-04","CLE vs. NYK","CLE","NYK","W"
21500064,"2015-11-04","HOU vs. ORL","HOU","ORL","W"
21500065,"2015-11-04","MIL vs. PHI","MIL","PHI","W"
21500066,"2015-11-04","OKC vs. TOR","OKC","TOR","L"
21500067,"2015-11-04","PHX vs. SAC","PHX","SAC","W"
21500068,"2015-11-04","UTA vs. POR","UTA","POR","L"
21500069,"2015-11-04","GSW vs. LAC","GSW","LAC","W"
21500070,"2015-11-05","CHI vs. OKC","CHI","OKC","W"
21500071,"2015-11-05","MIN vs. MIA","MIN","MIA","L"
21500072,"2015-11-05","DAL vs. CHA","DAL","CHA","L"
21500073,"2015-11-05","DEN vs. UTA","DEN","UTA","L"
21500074,"2015-11-05","POR vs. MEM","POR","MEM","W"
21500075,"2015-11-06","ORL vs. TOR","ORL","TOR","W"
21500076,"2015-11-06","BOS vs. WAS","BOS","WAS","W"
21500077,"2015-11-06","BKN vs. LAL","BKN","LAL","L"
21500078,"2015-11-06","CLE vs. PHI","CLE","PHI","W"
21500079,"2015-11-06","NYK vs. MIL","NYK","MIL","L"
21500080,"2015-11-06","IND vs. MIA","IND","MIA","W"
21500081,"2015-11-06","NOP vs. ATL","NOP","ATL","L"
21500082,"2015-11-06","PHX vs. DET","PHX","DET","L"
21500083,"2015-11-06","GSW vs. DEN","GSW","DEN","W"
21500084,"2015-11-06","SAC vs. HOU","SAC","HOU","L"
21500085,"2015-11-07","CHI vs. MIN","CHI","MIN","L"
21500086,"2015-11-07","ATL vs. WAS","ATL","WAS","W"
21500087,"2015-11-07","PHI vs. ORL","PHI","ORL","L"
21500088,"2015-11-07","DAL vs. NOP","DAL","NOP","W"
21500089,"2015-11-07","MIL vs. BKN","MIL","BKN","W"
21500090,"2015-11-07","SAS vs. CHA","SAS","CHA","W"
21500091,"2015-11-07","UTA vs. MEM","UTA","MEM","W"
21500092,"2015-11-07","SAC vs. GSW","SAC","GSW","L"
21500093,"2015-11-07","LAC vs. HOU","LAC","HOU","L"
21500094,"2015-11-08","CLE vs. IND","CLE","IND","W"
21500095,"2015-11-08","NYK vs. LAL","NYK","LAL","W"
21500096,"2015-11-08","MIA vs. TOR","MIA","TOR","W"
21500097,"2015-11-08","OKC vs. PHX","OKC","PHX","W"
21500098,"2015-11-08","POR vs. DET","POR","DET","L"
21500099,"2015-11-09","IND vs. ORL","IND","ORL","W"
21500100,"2015-11-09","PHI vs. CHI","PHI","CHI","L"
21500101,"2015-11-09","ATL vs. MIN","ATL","MIN","L"
21500102,"2015-11-09","DEN vs. POR","DEN","POR","W"
21500103,"2015-11-09","SAC vs. SAS","SAC","SAS","L"
21500104,"2015-11-09","GSW vs. DET","GSW","DET","W"
21500105,"2015-11-09","LAC vs. MEM","LAC","MEM","W"
21500106,"2015-11-10","CLE vs. UTA","CLE","UTA","W"
21500107,"2015-11-10","WAS vs. OKC","WAS","OKC","L"
21500108,"2015-11-10","MIA vs. LAL","MIA","LAL","W"
21500109,"2015-11-10","TOR vs. NYK","TOR","NYK","L"
21500110,"2015-11-10","MIL vs. BOS","MIL","BOS","L"
21500111,"2015-11-10","MIN vs. CHA","MIN","CHA","L"
21500112,"2015-11-10","NOP vs. DAL","NOP","DAL","W"
21500113,"2015-11-11","CHA vs. NYK","CHA","NYK","W"
21500114,"2015-11-11","ORL vs. LAL","ORL","LAL","W"
21500115,"2015-11-11","PHI vs. TOR","PHI","TOR","L"
21500116,"2015-11-11","BOS vs. IND","BOS","IND","L"
21500117,"2015-11-11","ATL vs. NOP","ATL","NOP","W"
21500118,"2015-11-11","DAL vs. LAC","DAL","LAC","W"
21500119,"2015-11-11","HOU vs. BKN","HOU","BKN","L"
21500120,"2015-11-11","MEM vs. GSW","MEM","GSW","L"
21500121,"2015-11-11","DEN vs. MIL","DEN","MIL","W"
21500122,"2015-11-11","SAC vs. DET","SAC","DET","W"
21500123,"2015-11-11","POR vs. SAS","POR","SAS","L"
21500124,"2015-11-12","MIA vs. UTA","MIA","UTA","W"
21500125,"2015-11-12","MIN vs. GSW","MIN","GSW","L"
21500126,"2015-11-12","PHX vs. LAC","PHX","LAC","W"
21500127,"2015-11-13","IND vs. MIN","IND","MIN","W"
21500128,"2015-11-13","ORL vs. UTA","ORL","UTA","W"
21500129,"2015-11-13","BOS vs. ATL","BOS","ATL","W"
21500130,"2015-11-13","NYK vs. CLE","NYK","CLE","L"
21500131,"2015-11-13","TOR vs. NOP","TOR","NOP","W"
21500132,"2015-11-13","CHI vs. CHA","CHI","CHA","W"
21500133,"2015-11-13","MEM vs. POR","MEM","POR","W"
21500134,"2015-11-13","OKC vs. PHI","OKC","PHI","W"
21500135,"2015-11-13","DAL vs. LAL","DAL","LAL","W"
21500136,"2015-11-13","DEN vs. HOU","DEN","HOU","W"
21500137,"2015-11-13","SAC vs. BKN","SAC","BKN","W"
21500138,"2015-11-14","LAC vs. DET","LAC","DET","W"
21500139,"2015-11-14","WAS vs. ORL","WAS","ORL","W"
21500140,"2015-11-14","HOU vs. DAL","HOU","DAL","L"
21500141,"2015-11-14","MIL vs. CLE","MIL","CLE","W"
21500142,"2015-11-14","SAS vs. PHI","SAS","PHI","W"
21500143,"2015-11-14","PHX vs. DEN","PHX","DEN","W"
21500144,"2015-11-14","GSW vs. BKN","GSW","BKN","W"
21500145,"2015-11-15","NYK vs. NOP","NYK","NOP","W"
21500146,"2015-11-15","MIN vs. MEM","MIN","MEM","L"
21500147,"2015-11-15","CHA vs. POR","CHA","POR","W"
21500148,"2015-11-15","ATL vs. UTA","ATL","UTA","L"
21500149,"2015-11-15","OKC vs. BOS","OKC","BOS","L"
21500150,"2015-11-15","SAC vs. TOR","SAC","TOR","W"
21500151,"2015-11-15","LAL vs. DET","LAL","DET","W"
21500152,"2015-11-16","PHI vs. DAL","PHI","DAL","L"
21500153,"2015-11-16","CHI vs. IND","CHI","IND","W"
21500154,"2015-11-16","HOU vs. BOS","HOU","BOS","L"
21500155,"2015-11-16","MEM vs. OKC","MEM","OKC","W"
21500156,"2015-11-16","SAS vs. POR","SAS","POR","W"
21500157,"2015-11-16","PHX vs. LAL","PHX","LAL","W"
21500158,"2015-11-17","WAS vs. MIL","WAS","MIL","W"
21500159,"2015-11-17","BKN vs. ATL","BKN","ATL","W"
21500160,"2015-11-17","DET vs. CLE","DET","CLE","W"
21500161,"2015-11-17","MIA vs. MIN","MIA","MIN","L"
21500162,"2015-11-17","NYK vs. CHA","NYK","CHA","W"
21500163,"2015-11-17","NOP vs. DEN","NOP","DEN","L"
21500164,"2015-11-17","GSW vs. TOR","GSW","TOR","W"
21500165,"2015-11-18","CHA vs. BKN","CHA","BKN","W"
21500166,"2015-11-18","ORL vs. MIN","ORL","MIN","W"
21500167,"2015-11-18","PHI vs. IND","PHI","IND","L"
21500168,"2015-11-18","BOS vs. DAL","BOS","DAL","L"
21500169,"2015-11-18","ATL vs. SAC","ATL","SAC","W"
21500170,"2015-11-18","HOU vs. POR","HOU","POR","W"
21500171,"2015-11-18","OKC vs. NOP","OKC","NOP","W"
21500172,"2015-11-18","SAS vs. DEN","SAS","DEN","W"
21500173,"2015-11-18","UTA vs. TOR","UTA","TOR","W"
21500174,"2015-11-18","PHX vs. CHI","PHX","CHI","L"
21500175,"2015-11-19","MIA vs. SAC","MIA","SAC","W"
21500176,"2015-11-19","CLE vs. MIL","CLE","MIL","W"
21500177,"2015-11-19","LAC vs. GSW","LAC","GSW","L"
21500178,"2015-11-20","CHA vs. PHI","CHA","PHI","W"
21500179,"2015-11-20","BOS vs. BKN","BOS","BKN","W"
21500180,"2015-11-20","MEM vs. HOU","MEM","HOU","W"
21500181,"2015-11-20","MIN vs. DET","MIN","DET","L"
21500182,"2015-11-20","NOP vs. SAS","NOP","SAS","W"
21500183,"2015-11-20","OKC vs. NYK","OKC","NYK","L"
21500184,"2015-11-20","DAL vs. UTA","DAL","UTA","W"
21500185,"2015-11-20","DEN vs. PHX","DEN","PHX","L"
21500186,"2015-11-20","POR vs. LAC","POR","LAC","W"
21500187,"2015-11-20","GSW vs. CHI","GSW","CHI","W"
21500188,"2015-11-20","LAL vs. TOR","LAL","TOR","L"
21500189,"2015-11-21","ORL vs. SAC","ORL","SAC","L"
21500190,"2015-11-21","IND vs. MIL","IND","MIL","W"
21500191,"2015-11-21","CLE vs. ATL","CLE","ATL","W"
21500192,"2015-11-21","DET vs. WAS","DET","WAS","L"
21500193,"2015-11-21","MIA vs. PHI","MIA","PHI","W"
21500194,"2015-11-21","HOU vs. NYK","HOU","NYK","L"
21500195,"2015-11-21","SAS vs. MEM","SAS","MEM","W"
21500196,"2015-11-22","LAC vs. TOR","LAC","TOR","L"
21500197,"2015-11-22","BKN vs. BOS","BKN","BOS","W"
21500198,"2015-11-22","NOP vs. PHX","NOP","PHX","W"
21500199,"2015-11-22","OKC vs. DAL","OKC","DAL","W"
21500200,"2015-11-22","DEN vs. GSW","DEN","GSW","L"
21500201,"2015-11-22","LAL vs. POR","LAL","POR","L"
21500202,"2015-11-23","CHA vs. SAC","CHA","SAC","W"
21500203,"2015-11-23","CLE vs. ORL","CLE","ORL","W"
21500204,"2015-11-23","MIA vs. NYK","MIA","NYK","W"
21500205,"2015-11-23","MIL vs. DET","MIL","DET","W"
21500206,"2015-11-23","MIN vs. PHI","MIN","PHI","W"
21500207,"2015-11-23","SAS vs. PHX","SAS","PHX","W"
21500208,"2015-11-23","UTA vs. OKC","UTA","OKC","L"
21500209,"2015-11-24","WAS vs. IND","WAS","IND","L"
21500210,"2015-11-24","ATL vs. BOS","ATL","BOS","W"
21500211,"2015-11-24","MEM vs. DAL","MEM","DAL","W"
21500212,"2015-11-24","DEN vs. LAC","DEN","LAC","L"
21500213,"2015-11-24","POR vs. CHI","POR","CHI","L"
21500214,"2015-11-24","GSW vs. LAL","GSW","LAL","W"
21500215,"2015-11-25","CHA vs. WAS","CHA","WAS","W"
21500216,"2015-11-25","ORL vs. NYK","ORL","NYK","W"
21500217,"2015-11-25","BOS vs. PHI","BOS","PHI","W"
21500218,"2015-11-25","DET vs. MIA","DET","MIA","W"
21500219,"2015-11-25","TOR vs. CLE","TOR","CLE","W"
21500220,"2015-11-25","HOU vs. MEM","HOU","MEM","L"
21500221,"2015-11-25","MIL vs. SAC","MIL","SAC","L"
21500222,"2015-11-25","MIN vs. ATL","MIN","ATL","W"
21500223,"2015-11-25","OKC vs. BKN","OKC","BKN","W"
21500224,"2015-11-25","SAS vs. DAL","SAS","DAL","W"
21500225,"2015-11-25","PHX vs. NOP","PHX","NOP","L"
21500226,"2015-11-25","LAC vs. UTA","LAC","UTA","L"
21500227,"2015-11-27","CHA vs. CLE","CHA","CLE","L"
21500228,"2015-11-27","ORL vs. MIL","ORL","MIL","W"
21500229,"2015-11-27","BOS vs. WAS","BOS","WAS","W"
21500230,"2015-11-27","NYK vs. MIA","NYK","MIA","L"
21500231,"2015-11-27","IND vs. CHI","IND","CHI","W"
21500232,"2015-11-27","HOU vs. PHI","HOU","PHI","W"
21500233,"2015-11-27","MEM vs. ATL","MEM","ATL","L"
21500234,"2015-11-27","OKC vs. DET","OKC","DET","W"
21500235,"2015-11-27","DEN vs. SAS","DEN","SAS","L"
21500236,"2015-11-27","PHX vs. GSW","PHX","GSW","L"
21500237,"2015-11-27","SAC vs. MIN","SAC","MIN","L"
21500238,"2015-11-27","LAC vs. NOP","LAC","NOP","W"
21500239,"2015-11-28","WAS vs. TOR","WAS","TOR","L"
21500240,"2015-11-28","CLE vs. BKN","CLE","BKN","W"
21500241,"2015-11-28","DAL vs. DEN","DAL","DEN","W"
21500242,"2015-11-28","SAS vs. ATL","SAS","ATL","W"
21500243,"2015-11-28","UTA vs. NOP","UTA","NOP","W"
21500244,"2015-11-28","POR vs. LAL","POR","LAL","W"
21500245,"2015-11-28","GSW vs. SAC","GSW","SAC","W"
21500246,"2015-11-29","CHA vs. MIL","CHA","MIL","W"
21500247,"2015-11-29","LAC vs. MIN","LAC","MIN","W"
21500248,"2015-11-29","BKN vs. DET","BKN","DET","W"
21500249,"2015-11-29","ORL vs. BOS","ORL","BOS","W"
21500250,"2015-11-29","TOR vs. PHX","TOR","PHX","L"
21500251,"2015-11-29","MEM vs. PHI","MEM","PHI","W"
21500252,"2015-11-29","NYK vs. HOU","NYK","HOU","L"
21500253,"2015-11-29","LAL vs. IND","LAL","IND","L"
21500254,"2015-11-30","DET vs. HOU","DET","HOU","W"
21500255,"2015-11-30","MIA vs. BOS","MIA","BOS","L"
21500256,"2015-11-30","ATL vs. OKC","ATL","OKC","W"
21500257,"2015-11-30","CHI vs. SAS","CHI","SAS","W"
21500258,"2015-11-30","MIL vs. DEN","MIL","DEN","W"
21500259,"2015-11-30","UTA vs. GSW","UTA","GSW","L"
21500260,"2015-11-30","SAC vs. DAL","SAC","DAL","W"
21500261,"2015-11-30","LAC vs. POR","LAC","POR","W"
21500262,"2015-12-01","CLE vs. WAS","CLE","WAS","L"
21500263,"2015-12-01","PHI vs. LAL","PHI","LAL","W"
21500264,"2015-12-01","BKN vs. PHX","BKN","PHX","W"
21500265,"2015-12-01","MIN vs. ORL","MIN","ORL","L"
21500266,"2015-12-01","NOP vs. MEM","NOP","MEM","L"
21500267,"2015-12-01","POR vs. DAL","POR","DAL","L"
21500268,"2015-12-02","CHA vs. GSW","CHA","GSW","L"
21500269,"2015-12-02","WAS vs. LAL","WAS","LAL","L"
21500270,"2015-12-02","DET vs. PHX","DET","PHX","W"
21500271,"2015-12-02","NYK vs. PHI","NYK","PHI","W"
21500272,"2015-12-02","ATL vs. TOR","ATL","TOR","L"
21500273,"2015-12-02","CHI vs. DEN","CHI","DEN","W"
21500274,"2015-12-02","HOU vs. NOP","HOU","NOP","W"
21500275,"2015-12-02","SAS vs. MIL","SAS","MIL","W"
21500276,"2015-12-02","LAC vs. IND","LAC","IND","L"
21500277,"2015-12-03","MIA vs. OKC","MIA","OKC","W"
21500278,"2015-12-03","TOR vs. DEN","TOR","DEN","L"
21500279,"2015-12-03","UTA vs. ORL","UTA","ORL","L"
21500280,"2015-12-03","MEM vs. SAS","MEM","SAS","L"
21500281,"2015-12-03","POR vs. IND","POR","IND","W"
21500282,"2015-12-03","SAC vs. BOS","SAC","BOS","L"
21500283,"2015-12-04","NYK vs. BKN","NYK","BKN","W"
21500284,"2015-12-04","WAS vs. PHX","WAS","PHX","W"
21500285,"2015-12-04","DET vs. MIL","DET","MIL","W"
21500286,"2015-12-04","ATL vs. LAL","ATL","LAL","W"
21500287,"2015-12-04","DAL vs. HOU","DAL","HOU","L"
21500288,"2015-12-04","NOP vs. CLE","NOP","CLE","W"
21500289,"2015-12-05","PHI vs. DEN","PHI","DEN","L"
21500290,"2015-12-05","TOR vs. GSW","TOR","GSW","L"
21500291,"2015-12-05","MIA vs. CLE","MIA","CLE","W"
21500292,"2015-12-05","CHI vs. CHA","CHI","CHA","L"
21500293,"2015-12-05","HOU vs. SAC","HOU","SAC","W"
21500294,"2015-12-05","MIN vs. POR","MIN","POR","L"
21500295,"2015-12-05","MIL vs. NYK","MIL","NYK","W"
21500296,"2015-12-05","SAS vs. BOS","SAS","BOS","W"
21500297,"2015-12-05","UTA vs. IND","UTA","IND","W"
21500298,"2015-12-05","LAC vs. ORL","LAC","ORL","W"
21500299,"2015-12-06","MEM vs. PHX","MEM","PHX","W"
21500300,"2015-12-06","BKN vs. GSW","BKN","GSW","L"
21500301,"2015-12-06","DET vs. LAL","DET","LAL","W"
21500302,"2015-12-06","WAS vs. DAL","WAS","DAL","L"
21500303,"2015-12-06","OKC vs. SAC","OKC","SAC","W"
21500304,"2015-12-07","CHA vs. DET","CHA","DET","W"
21500305,"2015-12-07","PHI vs. SAS","PHI","SAS","L"
21500306,"2015-12-07","MIA vs. WAS","MIA","WAS","L"
21500307,"2015-12-07","NYK vs. DAL","NYK","DAL","L"
21500308,"2015-12-07","TOR vs. LAL","TOR","LAL","W"
21500309,"2015-12-07","CHI vs. PHX","CHI","PHX","L"
21500310,"2015-12-07","MIL vs. POR","MIL","POR","W"
21500311,"2015-12-07","MIN vs. LAC","MIN","LAC","L"
21500312,"2015-12-07","NOP vs. BOS","NOP","BOS","L"
21500313,"2015-12-08","CLE vs. POR","CLE","POR","W"
21500314,"2015-12-08","IND vs. GSW","IND","GSW","L"
21500315,"2015-12-08","BKN vs. HOU","BKN","HOU","W"
21500316,"2015-12-08","MEM vs. OKC","MEM","OKC","L"
21500317,"2015-12-08","DEN vs. ORL","DEN","ORL","L"
21500318,"2015-12-08","SAC vs. UTA","SAC","UTA","W"
21500319,"2015-12-09","BOS vs. CHI","BOS","CHI","W"
21500320,"2015-12-09","CHA vs. MIA","CHA","MIA","W"
21500321,"2015-12-09","WAS vs. HOU","WAS","HOU","L"
21500322,"2015-12-09","DET vs. MEM","DET","MEM","L"
21500323,"2015-12-09","TOR vs. SAS","TOR","SAS","W"
21500324,"2015-12-09","MIL vs. LAC","MIL","LAC","L"
21500325,"2015-12-09","MIN vs. LAL","MIN","LAL","W"
21500326,"2015-12-09","PHX vs. ORL","PHX","ORL","W"
21500327,"2015-12-09","UTA vs. NYK","UTA","NYK","W"
21500328,"2015-12-09","DAL vs. ATL","DAL","ATL","L"
21500329,"2015-12-10","BKN vs. PHI","BKN","PHI","W"
21500330,"2015-12-10","CHI vs. LAC","CHI","LAC","W"
21500331,"2015-12-10","OKC vs. ATL","OKC","ATL","W"
21500332,"2015-12-10","SAC vs. NYK","SAC","NYK","W"
21500333,"2015-12-11","IND vs. MIA","IND","MIA","W"
21500334,"2015-12-11","ORL vs. CLE","ORL","CLE","L"
21500335,"2015-12-11","PHI vs. DET","PHI","DET","L"
21500336,"2015-12-11","BOS vs. GSW","BOS","GSW","L"
21500337,"2015-12-11","TOR vs. MIL","TOR","MIL","W"
21500338,"2015-12-11","MEM vs. CHA","MEM","CHA","L"
21500339,"2015-12-11","NOP vs. WAS","NOP","WAS","W"
21500340,"2015-12-11","DEN vs. MIN","DEN","MIN","W"
21500341,"2015-12-11","UTA vs. OKC","UTA","OKC","L"
21500342,"2015-12-11","SAS vs. LAL","SAS","LAL","W"
21500343,"2015-12-11","PHX vs. POR","PHX","POR","L"
21500344,"2015-12-12","BKN vs. LAC","BKN","LAC","L"
21500345,"2015-12-12","CHA vs. BOS","CHA","BOS","L"
21500346,"2015-12-12","DET vs. IND","DET","IND","W"
21500347,"2015-12-12","ATL vs. SAS","ATL","SAS","L"
21500348,"2015-12-12","CHI vs. NOP","CHI","NOP","W"
21500349,"2015-12-12","HOU vs. LAL","HOU","LAL","W"
21500350,"2015-12-12","DAL vs. WAS","DAL","WAS","L"
21500351,"2015-12-12","MIL vs. GSW","MIL","GSW","W"
21500352,"2015-12-12","POR vs. NYK","POR","NYK","L"
21500353,"2015-12-13","PHX vs. MIN","PHX","MIN","W"
21500354,"2015-12-13","MIA vs. MEM","MIA","MEM","W"
21500355,"2015-12-13","TOR vs. PHI","TOR","PHI","W"
21500356,"2015-12-13","OKC vs. UTA","OKC","UTA","W"
21500357,"2015-12-14","IND vs. TOR","IND","TOR","W"
21500358,"2015-12-14","BKN vs. ORL","BKN","ORL","L"
21500359,"2015-12-14","DET vs. LAC","DET","LAC","L"
21500360,"2015-12-14","ATL vs. MIA","ATL","MIA","L"
21500361,"2015-12-14","CHI vs. PHI","CHI","PHI","W"
21500362,"2015-12-14","MEM vs. WAS","MEM","WAS","W"
21500363,"2015-12-14","DAL vs. PHX","DAL","PHX","W"
21500364,"2015-12-14","SAS vs. UTA","SAS","UTA","W"
21500365,"2015-12-14","DEN vs. HOU","DEN","HOU","W"
21500366,"2015-12-14","POR vs. NOP","POR","NOP","W"
21500367,"2015-12-15","BOS vs. CLE","BOS","CLE","L"
21500368,"2015-12-15","MIN vs. DEN","MIN","DEN","L"
21500369,"2015-12-15","SAC vs. HOU","SAC","HOU","W"
21500370,"2015-12-15","LAL vs. MIL","LAL","MIL","W"
21500371,"2015-12-16","IND vs. DAL","IND","DAL","W"
21500372,"2015-12-16","ORL vs. CHA","ORL","CHA","W"
21500373,"2015-12-16","BKN vs. MIA","BKN","MIA","L"
21500374,"2015-12-16","DET vs. BOS","DET","BOS","W"
21500375,"2015-12-16","NYK vs. MIN","NYK","MIN","W"
21500376,"2015-12-16","ATL vs. PHI","ATL","PHI","W"
21500377,"2015-12-16","CHI vs. MEM","CHI","MEM","W"
21500378,"2015-12-16","OKC vs. POR","OKC","POR","W"
21500379,"2015-12-16","SAS vs. WAS","SAS","WAS","W"
21500380,"2015-12-16","UTA vs. NOP","UTA","NOP","L"
21500381,"2015-12-16","GSW vs. PHX","GSW","PHX","W"
21500382,"2015-12-16","LAC vs. MIL","LAC","MIL","W"
21500383,"2015-12-17","CHA vs. TOR","CHA","TOR","W"
21500384,"2015-12-17","CLE vs. OKC","CLE","OKC","W"
21500385,"2015-12-17","LAL vs. HOU","LAL","HOU","L"
21500386,"2015-12-18","IND vs. BKN","IND","BKN","W"
21500387,"2015-12-18","ORL vs. POR","ORL","POR","W"
21500388,"2015-12-18","PHI vs. NYK","PHI","NYK","L"
21500389,"2015-12-18","BOS vs. ATL","BOS","ATL","L"
21500390,"2015-12-18","MIA vs. TOR","MIA","TOR","L"
21500391,"2015-12-18","CHI vs. DET","CHI","DET","L"
21500392,"2015-12-18","MIN vs. SAC","MIN","SAC","W"
21500393,"2015-12-18","SAS vs. LAC","SAS","LAC","W"
21500394,"2015-12-18","DAL vs. MEM","DAL","MEM","W"
21500395,"2015-12-18","UTA vs. DEN","UTA","DEN","W"
21500396,"2015-12-18","PHX vs. NOP","PHX","NOP","W"
21500397,"2015-12-18","GSW vs. MIL","GSW","MIL","W"
21500398,"2015-12-19","OKC vs. LAL","OKC","LAL","W"
21500399,"2015-12-19","WAS vs. CHA","WAS","CHA","W"
21500400,"2015-12-19","NYK vs. CHI","NYK","CHI","W"
21500401,"2015-12-19","HOU vs. LAC","HOU","LAC","W"
21500402,"2015-12-19","MEM vs. IND","MEM","IND","W"
21500403,"2015-12-20","BKN vs. MIN","BKN","MIN","L"
21500404,"2015-12-20","MIA vs. POR","MIA","POR","W"
21500405,"2015-12-20","CLE vs. PHI","CLE","PHI","W"
21500406,"2015-12-20","PHX vs. MIL","PHX","MIL","L"
21500407,"2015-12-20","ORL vs. ATL","ORL","ATL","L"
21500408,"2015-12-20","TOR vs. SAC","TOR","SAC","L"
21500409,"2015-12-20","DEN vs. NOP","DEN","NOP","L"
21500410,"2015-12-21","WAS vs. SAC","WAS","SAC","W"
21500411,"2015-12-21","BOS vs. MIN","BOS","MIN","W"
21500412,"2015-12-21","NYK vs. ORL","NYK","ORL","L"
21500413,"2015-12-21","ATL vs. POR","ATL","POR","W"
21500414,"2015-12-21","CHI vs. BKN","CHI","BKN","L"
21500415,"2015-12-21","HOU vs. CHA","HOU","CHA","W"
21500416,"2015-12-21","SAS vs. IND","SAS","IND","W"
21500417,"2015-12-21","UTA vs. PHX","UTA","PHX","W"
21500418,"2015-12-21","LAC vs. OKC","LAC","OKC","L"
21500419,"2015-12-22","PHI vs. MEM","PHI","MEM","L"
21500420,"2015-12-22","MIA vs. DET","MIA","DET","L"
21500421,"2015-12-22","TOR vs. DAL","TOR","DAL","W"
21500422,"2015-12-22","DEN vs. LAL","DEN","LAL","L"
21500423,"2015-12-23","CHA vs. BOS","CHA","BOS","L"
21500424,"2015-12-23","CLE vs. NYK","CLE","NYK","W"
21500425,"2015-12-23","IND vs. SAC","IND","SAC","L"
21500426,"2015-12-23","ORL vs. HOU","ORL","HOU","W"
21500427,"2015-12-23","WAS vs. MEM","WAS","MEM","W"
21500428,"2015-12-23","BKN vs. DAL","BKN","DAL","L"
21500429,"2015-12-23","ATL vs. DET","ATL","DET","W"
21500430,"2015-12-23","MIL vs. PHI","MIL","PHI","W"
21500431,"2015-12-23","MIN vs. SAS","MIN","SAS","L"
21500432,"2015-12-23","NOP vs. POR","NOP","POR","W"
21500433,"2015-12-23","PHX vs. DEN","PHX","DEN","L"
21500434,"2015-12-23","GSW vs. UTA","GSW","UTA","W"
21500435,"2015-12-23","LAL vs. OKC","LAL","OKC","L"
21500436,"2015-12-25","MIA vs. NOP","MIA","NOP","W"
21500437,"2015-12-25","OKC vs. CHI","OKC","CHI","L"
21500438,"2015-12-25","GSW vs. CLE","GSW","CLE","W"
21500439,"2015-12-25","HOU vs. SAS","HOU","SAS","W"
21500440,"2015-12-25","LAL vs. LAC","LAL","LAC","L"
21500441,"2015-12-26","MIL vs. TOR","MIL","TOR","L"
21500442,"2015-12-26","ATL vs. NYK","ATL","NYK","W"
21500443,"2015-12-26","CHA vs. MEM","CHA","MEM","W"
21500444,"2015-12-26","ORL vs. MIA","ORL","MIA","L"
21500445,"2015-12-26","NOP vs. HOU","NOP","HOU","W"
21500446,"2015-12-26","DET vs. BOS","DET","BOS","L"
21500447,"2015-12-26","BKN vs. WAS","BKN","WAS","L"
21500448,"2015-12-26","MIN vs. IND","MIN","IND","L"
21500449,"2015-12-26","DAL vs. CHI","DAL","CHI","W"
21500450,"2015-12-26","SAS vs. DEN","SAS","DEN","W"
21500451,"2015-12-26","PHX vs. PHI","PHX","PHI","L"
21500452,"2015-12-26","UTA vs. LAC","UTA","LAC","L"
21500453,"2015-12-26","POR vs. CLE","POR","CLE","W"
21500454,"2015-12-27","BOS vs. NYK","BOS","NYK","W"
21500455,"2015-12-27","MEM vs. LAL","MEM","LAL","W"
21500456,"2015-12-27","OKC vs. DEN","OKC","DEN","W"
21500457,"2015-12-27","SAC vs. POR","SAC","POR","L"
21500458,"2015-12-28","CHA vs. LAL","CHA","LAL","W"
21500459,"2015-12-28","IND vs. ATL","IND","ATL","W"
21500460,"2015-12-28","ORL vs. NOP","ORL","NOP","W"
21500461,"2015-12-28","WAS vs. LAC","WAS","LAC","L"
21500462,"2015-12-28","MIA vs. BKN","MIA","BKN","L"
21500463,"2015-12-28","CHI vs. TOR","CHI","TOR","W"
21500464,"2015-12-28","DAL vs. MIL","DAL","MIL","W"
21500465,"2015-12-28","SAS vs. MIN","SAS","MIN","W"
21500466,"2015-12-28","PHX vs. CLE","PHX","CLE","L"
21500467,"2015-12-28","UTA vs. PHI","UTA","PHI","W"
21500468,"2015-12-28","GSW vs. SAC","GSW","SAC","W"
21500469,"2015-12-29","NYK vs. DET","NYK","DET","W"
21500470,"2015-12-29","HOU vs. ATL","HOU","ATL","L"
21500471,"2015-12-29","MEM vs. MIA","MEM","MIA","W"
21500472,"2015-12-29","OKC vs. MIL","OKC","MIL","W"
21500473,"2015-12-29","DEN vs. CLE","DEN","CLE","L"
21500474,"2015-12-30","CHA vs. LAC","CHA","LAC","L"
21500475,"2015-12-30","ORL vs. BKN","ORL","BKN","W"
21500476,"2015-12-30","BOS vs. LAL","BOS","LAL","L"
21500477,"2015-12-30","TOR vs. WAS","TOR","WAS","W"
21500478,"2015-12-30","CHI vs. IND","CHI","IND","W"
21500479,"2015-12-30","MIN vs. UTA","MIN","UTA","W"
21500480,"2015-12-30","DAL vs. GSW","DAL","GSW","W"
21500481,"2015-12-30","SAS vs. PHX","SAS","PHX","W"
21500482,"2015-12-30","POR vs. DEN","POR","DEN","W"
21500483,"2015-12-30","SAC vs. PHI","SAC","PHI","L"
21500484,"2015-12-31","IND vs. MIL","IND","MIL","L"
21500485,"2015-12-31","HOU vs. GSW","HOU","GSW","L"
21500486,"2015-12-31","DET vs. MIN","DET","MIN","W"
21500487,"2015-12-31","NOP vs. LAC","NOP","LAC","L"
21500488,"2015-12-31","OKC vs. PHX","OKC","PHX","W"
21500489,"2015-12-31","UTA vs. POR","UTA","POR","W"
21500490,"2016-01-01","WAS vs. ORL","WAS","ORL","W"
21500491,"2016-01-01","MIA vs. DAL","MIA","DAL","W"
21500492,"2016-01-01","TOR vs. CHA","TOR","CHA","W"
21500493,"2016-01-01","CHI vs. NYK","CHI","NYK","W"
21500494,"2016-01-01","LAL vs. PHI","LAL","PHI","W"
21500495,"2016-01-02","BOS vs. BKN","BOS","BKN","L"
21500496,"2016-01-02","SAC vs. PHX","SAC","PHX","W"
21500497,"2016-01-02","CHA vs. OKC","CHA","OKC","L"
21500498,"2016-01-02","IND vs. DET","IND","DET","W"
21500499,"2016-01-02","CLE vs. ORL","CLE","ORL","W"
21500500,"2016-01-02","MIN vs. MIL","MIN","MIL","L"
21500501,"2016-01-02","DAL vs. NOP","DAL","NOP","L"
21500502,"2016-01-02","SAS vs. HOU","SAS","HOU","W"
21500503,"2016-01-02","UTA vs. MEM","UTA","MEM","W"
21500504,"2016-01-02","GSW vs. DEN","GSW","DEN","W"
21500505,"2016-01-02","LAC vs. PHI","LAC","PHI","W"
21500506,"2016-01-03","NYK vs. ATL","NYK","ATL","W"
21500507,"2016-01-03","TOR vs. CHI","TOR","CHI","L"
21500508,"2016-01-03","WAS vs. MIA","WAS","MIA","L"
21500509,"2016-01-03","DEN vs. POR","DEN","POR","L"
21500510,"2016-01-03","LAL vs. PHX","LAL","PHX","W"
21500511,"2016-01-04","CLE vs. TOR","CLE","TOR","W"
21500512,"2016-01-04","PHI vs. MIN","PHI","MIN","W"
21500513,"2016-01-04","BKN vs. BOS","BKN","BOS","L"
21500514,"2016-01-04","DET vs. ORL","DET","ORL","W"
21500515,"2016-01-04","MIA vs. IND","MIA","IND","W"
21500516,"2016-01-04","MIL vs. SAS","MIL","SAS","L"
21500517,"2016-01-04","OKC vs. SAC","OKC","SAC","L"
21500518,"2016-01-04","UTA vs. HOU","UTA","HOU","L"
21500519,"2016-01-04","POR vs. MEM","POR","MEM","L"
21500520,"2016-01-04","GSW vs. CHA","GSW","CHA","W"
21500521,"2016-01-05","ATL vs. NYK","ATL","NYK","L"
21500522,"2016-01-05","CHI vs. MIL","CHI","MIL","W"
21500523,"2016-01-05","DAL vs. SAC","DAL","SAC","W"
21500524,"2016-01-05","LAL vs. GSW","LAL","GSW","L"
21500525,"2016-01-06","MIA vs. NYK","MIA","NYK","L"
21500526,"2016-01-06","ORL vs. IND","ORL","IND","L"
21500527,"2016-01-06","WAS vs. CLE","WAS","CLE","L"
21500528,"2016-01-06","BOS vs. DET","BOS","DET","L"
21500529,"2016-01-06","BKN vs. TOR","BKN","TOR","L"
21500530,"2016-01-06","MIN vs. DEN","MIN","DEN","L"
21500531,"2016-01-06","NOP vs. DAL","NOP","DAL","L"
21500532,"2016-01-06","SAS vs. UTA","SAS","UTA","W"
21500533,"2016-01-06","PHX vs. CHA","PHX","CHA","W"
21500534,"2016-01-06","OKC vs. MEM","OKC","MEM","W"
21500535,"2016-01-06","POR vs. LAC","POR","LAC","L"
21500536,"2016-01-07","PHI vs. ATL","PHI","ATL","L"
21500537,"2016-01-07","CHI vs. BOS","CHI","BOS","W"
21500538,"2016-01-07","HOU vs. UTA","HOU","UTA","W"
21500539,"2016-01-07","SAC vs. LAL","SAC","LAL","W"
21500540,"2016-01-08","WAS vs. TOR","WAS","TOR","L"
21500541,"2016-01-08","BKN vs. ORL","BKN","ORL","L"
21500542,"2016-01-08","MEM vs. DEN","MEM","DEN","W"
21500543,"2016-01-08","MIN vs. CLE","MIN","CLE","L"
21500544,"2016-01-08","NOP vs. IND","NOP","IND","L"
21500545,"2016-01-08","MIL vs. DAL","MIL","DAL","W"
21500546,"2016-01-08","SAS vs. NYK","SAS","NYK","W"
21500547,"2016-01-08","PHX vs. MIA","PHX","MIA","L"
21500548,"2016-01-08","POR vs. GSW","POR","GSW","L"
21500549,"2016-01-08","LAL vs. OKC","LAL","OKC","L"
21500550,"2016-01-09","LAC vs. CHA","LAC","CHA","W"
21500551,"2016-01-09","ATL vs. CHI","ATL","CHI","W"
21500552,"2016-01-09","ORL vs. WAS","ORL","WAS","L"
21500553,"2016-01-09","DET vs. BKN","DET","BKN","W"
21500554,"2016-01-09","PHI vs. TOR","PHI","TOR","L"
21500555,"2016-01-09","UTA vs. MIA","UTA","MIA","W"
21500556,"2016-01-09","SAC vs. GSW","SAC","GSW","L"
21500557,"2016-01-10","MIN vs. DAL","MIN","DAL","L"
21500558,"2016-01-10","LAC vs. NOP","LAC","NOP","W"
21500559,"2016-01-10","PHI vs. CLE","PHI","CLE","L"
21500560,"2016-01-10","MEM vs. BOS","MEM","BOS","W"
21500561,"2016-01-10","HOU vs. IND","HOU","IND","W"
21500562,"2016-01-10","NYK vs. MIL","NYK","MIL","W"
21500563,"2016-01-10","DEN vs. CHA","DEN","CHA","W"
21500564,"2016-01-10","POR vs. OKC","POR","OKC","W"
21500565,"2016-01-10","LAL vs. UTA","LAL","UTA","L"
21500566,"2016-01-11","BKN vs. SAS","BKN","SAS","L"
21500567,"2016-01-11","CHI vs. WAS","CHI","WAS","L"
21500568,"2016-01-11","GSW vs. MIA","GSW","MIA","W"
21500569,"2016-01-12","IND vs. PHX","IND","PHX","W"
21500570,"2016-01-12","DET vs. SAS","DET","SAS","L"
21500571,"2016-01-12","NYK vs. BOS","NYK","BOS","W"
21500572,"2016-01-12","MEM vs. HOU","MEM","HOU","L"
21500573,"2016-01-12","MIL vs. CHI","MIL","CHI","W"
21500574,"2016-01-12","MIN vs. OKC","MIN","OKC","L"
21500575,"2016-01-12","DAL vs. CLE","DAL","CLE","L"
21500576,"2016-01-12","LAL vs. NOP","LAL","NOP","W"
21500577,"2016-01-13","CHA vs. ATL","CHA","ATL","W"
21500578,"2016-01-13","WAS vs. MIL","WAS","MIL","W"
21500579,"2016-01-13","BKN vs. NYK","BKN","NYK","W"
21500580,"2016-01-13","BOS vs. IND","BOS","IND","W"
21500581,"2016-01-13","HOU vs. MIN","HOU","MIN","W"
21500582,"2016-01-13","OKC vs. DAL","OKC","DAL","W"
21500583,"2016-01-13","DEN vs. GSW","DEN","GSW","W"
21500584,"2016-01-13","POR vs. UTA","POR","UTA","W"
21500585,"2016-01-13","SAC vs. NOP","SAC","NOP","L"
21500586,"2016-01-13","LAC vs. MIA","LAC","MIA","W"
21500587,"2016-01-14","PHI vs. CHI","PHI","CHI","L"
21500588,"2016-01-14","ORL vs. TOR","ORL","TOR","L"
21500589,"2016-01-14","MEM vs. DET","MEM","DET","W"
21500590,"2016-01-14","SAS vs. CLE","SAS","CLE","W"
21500591,"2016-01-14","UTA vs. SAC","UTA","SAC","L"
21500592,"2016-01-14","GSW vs. LAL","GSW","LAL","W"
21500593,"2016-01-15","IND vs. WAS","IND","WAS","L"
21500594,"2016-01-15","OKC vs. MIN","OKC","MIN","W"
21500595,"2016-01-15","BOS vs. PHX","BOS","PHX","W"
21500596,"2016-01-15","BKN vs. POR","BKN","POR","L"
21500597,"2016-01-15","CHI vs. DAL","CHI","DAL","L"
21500598,"2016-01-15","NOP vs. CHA","NOP","CHA","W"
21500599,"2016-01-15","MIL vs. ATL","MIL","ATL","W"
21500600,"2016-01-15","DEN vs. MIA","DEN","MIA","L"
21500601,"2016-01-15","HOU vs. CLE","HOU","CLE","L"
21500602,"2016-01-16","ATL vs. BKN","ATL","BKN","W"
21500603,"2016-01-16","CHA vs. MIL","CHA","MIL","L"
21500604,"2016-01-16","WAS vs. BOS","WAS","BOS","L"
21500605,"2016-01-16","DET vs. GSW","DET","GSW","W"
21500606,"2016-01-16","PHI vs. POR","PHI","POR","W"
21500607,"2016-01-16","MEM vs. NYK","MEM","NYK","W"
21500608,"2016-01-16","UTA vs. LAL","UTA","LAL","W"
21500609,"2016-01-16","LAC vs. SAC","LAC","SAC","L"
21500610,"2016-01-17","MIN vs. PHX","MIN","PHX","W"
21500611,"2016-01-17","OKC vs. MIA","OKC","MIA","W"
21500612,"2016-01-17","SAS vs. DAL","SAS","DAL","W"
21500613,"2016-01-17","DEN vs. IND","DEN","IND","W"
21500614,"2016-01-17","LAL vs. HOU","LAL","HOU","L"
21500615,"2016-01-18","NYK vs. PHI","NYK","PHI","W"
21500616,"2016-01-18","CHA vs. UTA","CHA","UTA","W"
21500617,"2016-01-18","WAS vs. POR","WAS","POR","L"
21500618,"2016-01-18","MEM vs. NOP","MEM","NOP","W"
21500619,"2016-01-18","DET vs. CHI","DET","CHI","L"
21500620,"2016-01-18","ATL vs. ORL","ATL","ORL","W"
21500621,"2016-01-18","TOR vs. BKN","TOR","BKN","W"
21500622,"2016-01-18","CLE vs. GSW","CLE","GSW","L"
21500623,"2016-01-18","DAL vs. BOS","DAL","BOS","W"
21500624,"2016-01-18","LAC vs. HOU","LAC","HOU","W"
21500625,"2016-01-19","MIA vs. MIL","MIA","MIL","L"
21500626,"2016-01-19","NOP vs. MIN","NOP","MIN","W"
21500627,"2016-01-19","DEN vs. OKC","DEN","OKC","L"
21500628,"2016-01-19","PHX vs. IND","PHX","IND","L"
21500629,"2016-01-20","ORL vs. PHI","ORL","PHI","L"
21500630,"2016-01-20","WAS vs. MIA","WAS","MIA","W"
21500631,"2016-01-20","BKN vs. CLE","BKN","CLE","L"
21500632,"2016-01-20","NYK vs. UTA","NYK","UTA","W"
21500633,"2016-01-20","TOR vs. BOS","TOR","BOS","W"
21500634,"2016-01-20","CHI vs. GSW","CHI","GSW","L"
21500635,"2016-01-20","HOU vs. DET","HOU","DET","L"
21500636,"2016-01-20","OKC vs. CHA","OKC","CHA","W"
21500637,"2016-01-20","DAL vs. MIN","DAL","MIN","W"
21500638,"2016-01-20","LAL vs. SAC","LAL","SAC","L"
21500639,"2016-01-20","POR vs. ATL","POR","ATL","L"
21500640,"2016-01-21","CLE vs. LAC","CLE","LAC","W"
21500641,"2016-01-21","NOP vs. DET","NOP","DET","W"
21500642,"2016-01-21","DEN vs. MEM","DEN","MEM","L"
21500643,"2016-01-21","SAC vs. ATL","SAC","ATL","W"
21500644,"2016-01-21","PHX vs. SAS","PHX","SAS","L"
21500645,"2016-01-22","ORL vs. CHA","ORL","CHA","L"
21500646,"2016-01-22","BOS vs. CHI","BOS","CHI","W"
21500647,"2016-01-22","BKN vs. UTA","BKN","UTA","L"
21500648,"2016-01-22","NYK vs. LAC","NYK","LAC","L"
21500649,"2016-01-22","TOR vs. MIA","TOR","MIA","W"
21500650,"2016-01-22","HOU vs. MIL","HOU","MIL","W"
21500651,"2016-01-22","DAL vs. OKC","DAL","OKC","L"
21500652,"2016-01-22","GSW vs. IND","GSW","IND","W"
21500653,"2016-01-22","LAL vs. SAS","LAL","SAS","L"
21500654,"2016-02-18","WAS vs. UTA","WAS","UTA","W"
21500655,"2016-01-23","CHA vs. NYK","CHA","NYK","W"
21500656,"2016-01-24","PHI vs. BOS","PHI","BOS","L"
21500657,"2016-01-23","NOP vs. MIL","NOP","MIL","W"
21500658,"2016-01-23","MIN vs. MEM","MIN","MEM","W"
21500659,"2016-01-23","CLE vs. CHI","CLE","CHI","L"
21500660,"2016-01-23","PHX vs. ATL","PHX","ATL","W"
21500661,"2016-01-23","DEN vs. DET","DEN","DET","W"
21500662,"2016-01-23","POR vs. LAL","POR","LAL","W"
21500663,"2016-01-23","SAC vs. IND","SAC","IND","W"
21500664,"2016-01-24","BKN vs. OKC","BKN","OKC","W"
21500665,"2016-01-24","HOU vs. DAL","HOU","DAL","W"
21500666,"2016-01-24","TOR vs. LAC","TOR","LAC","W"
21500667,"2016-01-25","CLE vs. MIN","CLE","MIN","W"
21500668,"2016-01-25","WAS vs. BOS","WAS","BOS","L"
21500669,"2016-01-25","CHI vs. MIA","CHI","MIA","L"
21500670,"2016-01-25","MEM vs. ORL","MEM","ORL","W"
21500671,"2016-01-25","NOP vs. HOU","NOP","HOU","L"
21500672,"2016-01-25","DEN vs. ATL","DEN","ATL","L"
21500673,"2016-01-25","UTA vs. DET","UTA","DET","L"
21500674,"2016-01-25","SAC vs. CHA","SAC","CHA","L"
21500675,"2016-01-25","GSW vs. SAS","GSW","SAS","W"
21500676,"2016-01-26","IND vs. LAC","IND","LAC","L"
21500677,"2016-01-26","PHI vs. PHX","PHI","PHX","W"
21500678,"2016-01-26","BKN vs. MIA","BKN","MIA","L"
21500679,"2016-01-26","NYK vs. OKC","NYK","OKC","L"
21500680,"2016-01-26","TOR vs. WAS","TOR","WAS","W"
21500681,"2016-01-26","MIL vs. ORL","MIL","ORL","W"
21500682,"2016-01-26","POR vs. SAC","POR","SAC","W"
21500683,"2016-01-26","LAL vs. DAL","LAL","DAL","L"
21500684,"2016-01-27","CLE vs. PHX","CLE","PHX","W"
21500685,"2016-01-27","BOS vs. DEN","BOS","DEN","W"
21500686,"2016-01-27","DET vs. PHI","DET","PHI","W"
21500687,"2016-01-27","ATL vs. LAC","ATL","LAC","L"
21500688,"2016-01-27","MIN vs. OKC","MIN","OKC","L"
21500689,"2016-01-27","SAS vs. HOU","SAS","HOU","W"
21500690,"2016-01-27","UTA vs. CHA","UTA","CHA","W"
21500691,"2016-01-27","GSW vs. DAL","GSW","DAL","W"
21500692,"2016-01-28","IND vs. ATL","IND","ATL","W"
21500693,"2016-01-28","WAS vs. DEN","WAS","DEN","L"
21500694,"2016-01-28","TOR vs. NYK","TOR","NYK","W"
21500695,"2016-01-28","MEM vs. MIL","MEM","MIL","W"
21500696,"2016-01-28","NOP vs. SAC","NOP","SAC","W"
21500697,"2016-01-28","LAL vs. CHI","LAL","CHI","L"
21500698,"2016-01-29","BOS vs. ORL","BOS","ORL","W"
21500699,"2016-01-29","DET vs. CLE","DET","CLE","L"
21500700,"2016-01-29","NYK vs. PHX","NYK","PHX","W"
21500701,"2016-01-29","OKC vs. HOU","OKC","HOU","W"
21500702,"2016-01-29","DAL vs. BKN","DAL","BKN","W"
21500703,"2016-01-29","MIL vs. MIA","MIL","MIA","L"
21500704,"2016-01-29","UTA vs. MIN","UTA","MIN","W"
21500705,"2016-01-29","POR vs. CHA","POR","CHA","W"
21500706,"2016-01-29","LAC vs. LAL","LAC","LAL","W"
21500707,"2016-01-30","PHI vs. GSW","PHI","GSW","L"
21500708,"2016-01-30","TOR vs. DET","TOR","DET","W"
21500709,"2016-01-30","IND vs. DEN","IND","DEN","W"
21500710,"2016-01-30","NOP vs. BKN","NOP","BKN","W"
21500711,"2016-01-30","HOU vs. WAS","HOU","WAS","L"
21500712,"2016-01-30","MEM vs. SAC","MEM","SAC","W"
21500713,"2016-01-30","CLE vs. SAS","CLE","SAS","W"
21500714,"2016-01-31","LAC vs. CHI","LAC","CHI","W"
21500715,"2016-01-31","MIA vs. ATL","MIA","ATL","W"
21500716,"2016-01-31","ORL vs. BOS","ORL","BOS","W"
21500717,"2016-01-31","DAL vs. PHX","DAL","PHX","W"
21500718,"2016-01-31","NYK vs. GSW","NYK","GSW","L"
21500719,"2016-01-31","POR vs. MIN","POR","MIN","W"
21500720,"2016-01-31","LAL vs. CHA","LAL","CHA","L"
21500721,"2016-02-01","IND vs. CLE","IND","CLE","L"
21500722,"2016-02-01","BKN vs. DET","BKN","DET","L"
21500723,"2016-02-01","ATL vs. DAL","ATL","DAL","W"
21500724,"2016-02-01","NOP vs. MEM","NOP","MEM","L"
21500725,"2016-02-01","OKC vs. WAS","OKC","WAS","W"
21500726,"2016-02-01","SAS vs. ORL","SAS","ORL","W"
21500727,"2016-02-01","DEN vs. TOR","DEN","TOR","W"
21500728,"2016-02-01","UTA vs. CHI","UTA","CHI","W"
21500729,"2016-02-01","SAC vs. MIL","SAC","MIL","W"
21500730,"2016-02-02","NYK vs. BOS","NYK","BOS","L"
21500731,"2016-02-02","HOU vs. MIA","HOU","MIA","W"
21500732,"2016-02-02","PHX vs. TOR","PHX","TOR","L"
21500733,"2016-02-02","POR vs. MIL","POR","MIL","W"
21500734,"2016-02-02","LAL vs. MIN","LAL","MIN","W"
21500735,"2016-02-03","CHA vs. CLE","CHA","CLE","W"
21500736,"2016-02-03","PHI vs. ATL","PHI","ATL","L"
21500737,"2016-02-03","BOS vs. DET","BOS","DET","W"
21500738,"2016-02-03","BKN vs. IND","BKN","IND","L"
21500739,"2016-02-03","WAS vs. GSW","WAS","GSW","L"
21500740,"2016-02-03","OKC vs. ORL","OKC","ORL","W"
21500741,"2016-02-03","DAL vs. MIA","DAL","MIA","L"
21500742,"2016-02-03","SAS vs. NOP","SAS","NOP","W"
21500743,"2016-02-03","UTA vs. DEN","UTA","DEN","W"
21500744,"2016-02-03","SAC vs. CHI","SAC","CHI","L"
21500745,"2016-02-03","LAC vs. MIN","LAC","MIN","L"
21500746,"2016-02-04","DET vs. NYK","DET","NYK","W"
21500747,"2016-02-04","NOP vs. LAL","NOP","LAL","L"
21500748,"2016-02-04","POR vs. TOR","POR","TOR","L"
21500749,"2016-02-04","PHX vs. HOU","PHX","HOU","L"
21500750,"2016-02-05","ATL vs. IND","ATL","IND","W"
21500751,"2016-02-05","CHA vs. MIA","CHA","MIA","L"
21500752,"2016-02-05","ORL vs. LAC","ORL","LAC","L"
21500753,"2016-02-05","WAS vs. PHI","WAS","PHI","W"
21500754,"2016-02-05","BKN vs. SAC","BKN","SAC","W"
21500755,"2016-02-05","CLE vs. BOS","CLE","BOS","L"
21500756,"2016-02-05","NYK vs. MEM","NYK","MEM","L"
21500757,"2016-02-05","DEN vs. CHI","DEN","CHI","W"
21500758,"2016-02-05","UTA vs. MIL","UTA","MIL","W"
21500759,"2016-02-05","DAL vs. SAS","DAL","SAS","L"
21500760,"2016-02-06","HOU vs. POR","HOU","POR","L"
21500761,"2016-02-06","CHA vs. WAS","CHA","WAS","W"
21500762,"2016-02-06","IND vs. DET","IND","DET","W"
21500763,"2016-02-06","CLE vs. NOP","CLE","NOP","W"
21500764,"2016-02-06","PHI vs. BKN","PHI","BKN","W"
21500765,"2016-02-06","MEM vs. DAL","MEM","DAL","L"
21500766,"2016-02-06","MIN vs. CHI","MIN","CHI","W"
21500767,"2016-02-06","SAS vs. LAL","SAS","LAL","W"
21500768,"2016-02-06","PHX vs. UTA","PHX","UTA","L"
21500769,"2016-02-06","GSW vs. OKC","GSW","OKC","W"
21500770,"2016-02-07","NYK vs. DEN","NYK","DEN","L"
21500771,"2016-02-07","ORL vs. ATL","ORL","ATL","W"
21500772,"2016-02-07","MIA vs. LAC","MIA","LAC","L"
21500773,"2016-02-07","BOS vs. SAC","BOS","SAC","W"
21500774,"2016-02-08","CHA vs. CHI","CHA","CHI","W"
21500775,"2016-02-08","CLE vs. SAC","CLE","SAC","W"
21500776,"2016-02-08","IND vs. LAL","IND","LAL","W"
21500777,"2016-02-08","PHI vs. LAC","PHI","LAC","L"
21500778,"2016-02-08","BKN vs. DEN","BKN","DEN","W"
21500779,"2016-02-08","DET vs. TOR","DET","TOR","L"
21500780,"2016-02-08","ATL vs. ORL","ATL","ORL","L"
21500781,"2016-02-08","MEM vs. POR","MEM","POR","L"
21500782,"2016-02-08","MIN vs. NOP","MIN","NOP","L"
21500783,"2016-02-08","PHX vs. OKC","PHX","OKC","L"
21500784,"2016-02-09","MIA vs. SAS","MIA","SAS","L"
21500785,"2016-02-09","NYK vs. WAS","NYK","WAS","L"
21500786,"2016-02-09","MIL vs. BOS","MIL","BOS","W"
21500787,"2016-02-09","DAL vs. UTA","DAL","UTA","L"
21500788,"2016-02-09","GSW vs. HOU","GSW","HOU","W"
21500789,"2016-02-10","IND vs. CHA","IND","CHA","L"
21500790,"2016-02-10","ORL vs. SAS","ORL","SAS","L"
21500791,"2016-02-10","PHI vs. SAC","PHI","SAC","L"
21500792,"2016-02-10","BOS vs. LAC","BOS","LAC","W"
21500793,"2016-02-10","BKN vs. MEM","BKN","MEM","L"
21500794,"2016-02-10","DET vs. DEN","DET","DEN","L"
21500795,"2016-02-10","CLE vs. LAL","CLE","LAL","W"
21500796,"2016-02-10","CHI vs. ATL","CHI","ATL","L"
21500797,"2016-02-10","MIN vs. TOR","MIN","TOR","W"
21500798,"2016-02-10","NOP vs. UTA","NOP","UTA","W"
21500799,"2016-02-10","PHX vs. GSW","PHX","GSW","L"
21500800,"2016-02-10","POR vs. HOU","POR","HOU","W"
21500801,"2016-02-11","MIL vs. WAS","MIL","WAS","W"
21500802,"2016-02-11","OKC vs. NOP","OKC","NOP","W"
21500803,"2016-02-18","CLE vs. CHI","CLE","CHI","W"
21500804,"2016-02-18","LAC vs. SAS","LAC","SAS","W"
21500805,"2016-02-19","ORL vs. DAL","ORL","DAL","W"
21500806,"2016-02-19","WAS vs. DET","WAS","DET","W"
21500807,"2016-02-19","BKN vs. NYK","BKN","NYK","W"
21500808,"2016-02-19","ATL vs. MIA","ATL","MIA","L"
21500809,"2016-02-19","CHI vs. TOR","CHI","TOR","W"
21500810,"2016-02-19","MEM vs. MIN","MEM","MIN","W"
21500811,"2016-02-19","NOP vs. PHI","NOP","PHI","W"
21500812,"2016-02-19","OKC vs. IND","OKC","IND","L"
21500813,"2016-02-19","MIL vs. CHA","MIL","CHA","L"
21500814,"2016-02-19","PHX vs. HOU","PHX","HOU","L"
21500815,"2016-02-19","POR vs. GSW","POR","GSW","W"
21500816,"2016-02-19","SAC vs. DEN","SAC","DEN","W"
21500817,"2016-02-19","UTA vs. BOS","UTA","BOS","W"
21500818,"2016-02-19","LAL vs. SAS","LAL","SAS","L"
21500819,"2016-02-20","ATL vs. MIL","ATL","MIL","L"
21500820,"2016-02-20","MIA vs. WAS","MIA","WAS","W"
21500821,"2016-02-20","MIN vs. NYK","MIN","NYK","L"
21500822,"2016-02-20","LAC vs. GSW","LAC","GSW","L"
21500823,"2016-02-21","DET vs. NOP","DET","NOP","L"
21500824,"2016-02-21","OKC vs. CLE","OKC","CLE","L"
21500825,"2016-02-21","DEN vs. BOS","DEN","BOS","L"
21500826,"2016-02-21","PHX vs. SAS","PHX","SAS","L"
21500827,"2016-02-21","BKN vs. CHA","BKN","CHA","L"
21500828,"2016-02-21","ORL vs. IND","ORL","IND","L"
21500829,"2016-02-21","TOR vs. MEM","TOR","MEM","W"
21500830,"2016-02-21","DAL vs. PHI","DAL","PHI","W"
21500831,"2016-02-21","CHI vs. LAL","CHI","LAL","W"
21500832,"2016-02-21","POR vs. UTA","POR","UTA","W"
21500833,"2016-02-22","CLE vs. DET","CLE","DET","L"
21500834,"2016-02-22","MIA vs. IND","MIA","IND","W"
21500835,"2016-02-22","NYK vs. TOR","NYK","TOR","L"
21500836,"2016-02-22","ATL vs. GSW","ATL","GSW","L"
21500837,"2016-02-22","MIL vs. LAL","MIL","LAL","W"
21500838,"2016-02-22","MIN vs. BOS","MIN","BOS","W"
21500839,"2016-02-22","LAC vs. PHX","LAC","PHX","W"
21500840,"2016-02-23","PHI vs. ORL","PHI","ORL","L"
21500841,"2016-02-23","WAS vs. NOP","WAS","NOP","W"
21500842,"2016-02-23","DEN vs. SAC","DEN","SAC","L"
21500843,"2016-02-23","UTA vs. HOU","UTA","HOU","W"
21500844,"2016-02-23","POR vs. BKN","POR","BKN","W"
21500845,"2016-02-24","CLE vs. CHA","CLE","CHA","W"
21500846,"2016-02-24","IND vs. NYK","IND","NYK","W"
21500847,"2016-02-24","DET vs. PHI","DET","PHI","W"
21500848,"2016-02-24","MIA vs. GSW","MIA","GSW","L"
21500849,"2016-02-24","TOR vs. MIN","TOR","MIN","W"
21500850,"2016-02-24","CHI vs. WAS","CHI","WAS","W"
21500851,"2016-02-24","MEM vs. LAL","MEM","LAL","W"
21500852,"2016-02-24","DAL vs. OKC","DAL","OKC","L"
21500853,"2016-02-24","LAC vs. DEN","LAC","DEN","L"
21500854,"2016-02-24","SAC vs. SAS","SAC","SAS","L"
21500855,"2016-02-25","ORL vs. GSW","ORL","GSW","L"
21500856,"2016-02-25","BOS vs. MIL","BOS","MIL","W"
21500857,"2016-02-25","NOP vs. OKC","NOP","OKC","W"
21500858,"2016-02-25","PHX vs. BKN","PHX","BKN","L"
21500859,"2016-02-25","POR vs. HOU","POR","HOU","L"
21500860,"2016-02-25","UTA vs. SAS","UTA","SAS","L"
21500861,"2016-02-26","IND vs. CHA","IND","CHA","L"
21500862,"2016-02-26","PHI vs. WAS","PHI","WAS","L"
21500863,"2016-02-26","NYK vs. ORL","NYK","ORL","W"
21500864,"2016-02-26","TOR vs. CLE","TOR","CLE","W"
21500865,"2016-02-26","ATL vs. CHI","ATL","CHI","W"
21500866,"2016-02-26","DAL vs. DEN","DAL","DEN","W"
21500867,"2016-02-26","SAC vs. LAC","SAC","LAC","L"
21500868,"2016-02-26","LAL vs. MEM","LAL","MEM","L"
21500869,"2016-02-27","BOS vs. MIA","BOS","MIA","W"
21500870,"2016-02-27","NOP vs. MIN","NOP","MIN","L"
21500871,"2016-02-27","CHI vs. POR","CHI","POR","L"
21500872,"2016-02-27","HOU vs. SAS","HOU","SAS","L"
21500873,"2016-02-27","MIL vs. DET","MIL","DET","L"
21500874,"2016-02-27","OKC vs. GSW","OKC","GSW","L"
21500875,"2016-02-27","PHX vs. MEM","PHX","MEM","W"
21500876,"2016-02-27","UTA vs. BKN","UTA","BKN","L"
21500877,"2016-02-28","WAS vs. CLE","WAS","CLE","W"
21500878,"2016-02-28","ATL vs. CHA","ATL","CHA","W"
21500879,"2016-02-28","DET vs. TOR","DET","TOR","W"
21500880,"2016-02-28","IND vs. POR","IND","POR","L"
21500881,"2016-02-28","ORL vs. PHI","ORL","PHI","W"
21500882,"2016-02-28","DAL vs. MIN","DAL","MIN","W"
21500883,"2016-02-28","NYK vs. MIA","NYK","MIA","L"
21500884,"2016-02-29","CLE vs. IND","CLE","IND","W"
21500885,"2016-02-29","WAS vs. PHI","WAS","PHI","W"
21500886,"2016-02-29","BOS vs. UTA","BOS","UTA","W"
21500887,"2016-02-29","MIL vs. HOU","MIL","HOU","W"
21500888,"2016-02-29","DEN vs. MEM","DEN","MEM","L"
21500889,"2016-02-29","SAC vs. OKC","SAC","OKC","L"
21500890,"2016-02-29","LAC vs. BKN","LAC","BKN","W"
21500891,"2016-03-01","CHA vs. PHX","CHA","PHX","W"
21500892,"2016-03-01","MIA vs. CHI","MIA","CHI","W"
21500893,"2016-03-01","NYK vs. POR","NYK","POR","L"
21500894,"2016-03-01","DAL vs. ORL","DAL","ORL","W"
21500895,"2016-03-01","GSW vs. ATL","GSW","ATL","W"
21500896,"2016-03-01","LAL vs. BKN","LAL","BKN","W"
21500897,"2016-03-02","ORL vs. CHI","ORL","CHI","W"
21500898,"2016-03-02","PHI vs. CHA","PHI","CHA","L"
21500899,"2016-03-02","BOS vs. POR","BOS","POR","W"
21500900,"2016-03-02","TOR vs. UTA","TOR","UTA","W"
21500901,"2016-03-02","HOU vs. NOP","HOU","NOP","W"
21500902,"2016-03-02","MEM vs. SAC","MEM","SAC","W"
21500903,"2016-03-02","MIL vs. IND","MIL","IND","L"
21500904,"2016-03-02","MIN vs. WAS","MIN","WAS","L"
21500905,"2016-03-02","SAS vs. DET","SAS","DET","W"
21500906,"2016-03-02","DEN vs. LAL","DEN","LAL","W"
21500907,"2016-03-02","LAC vs. OKC","LAC","OKC","W"
21500908,"2016-03-03","MIA vs. PHX","MIA","PHX","W"
21500909,"2016-03-03","NOP vs. SAS","NOP","SAS","L"
21500910,"2016-03-03","DAL vs. SAC","DAL","SAC","L"
21500911,"2016-03-03","GSW vs. OKC","GSW","OKC","W"
21500912,"2016-03-04","CHA vs. IND","CHA","IND","W"
21500913,"2016-03-04","ORL vs. PHX","ORL","PHX","L"
21500914,"2016-03-04","PHI vs. MIA","PHI","MIA","L"
21500915,"2016-03-04","BOS vs. NYK","BOS","NYK","W"
21500916,"2016-03-04","TOR vs. POR","TOR","POR","W"
21500917,"2016-03-04","CLE vs. WAS","CLE","WAS","W"
21500918,"2016-03-04","MEM vs. UTA","MEM","UTA","W"
21500919,"2016-03-04","MIL vs. MIN","MIL","MIN","W"
21500920,"2016-03-04","DEN vs. BKN","DEN","BKN","L"
21500921,"2016-03-04","LAL vs. ATL","LAL","ATL","L"
21500922,"2016-03-05","CLE vs. BOS","CLE","BOS","W"
21500923,"2016-03-05","NYK vs. DET","NYK","DET","W"
21500924,"2016-03-05","WAS vs. IND","WAS","IND","L"
21500925,"2016-03-05","NOP vs. UTA","NOP","UTA","L"
21500926,"2016-03-05","MIN vs. BKN","MIN","BKN","W"
21500927,"2016-03-05","CHI vs. HOU","CHI","HOU","W"
21500928,"2016-03-05","SAS vs. SAC","SAS","SAC","W"
21500929,"2016-03-05","LAC vs. ATL","LAC","ATL","L"
21500930,"2016-03-06","MIL vs. OKC","MIL","OKC","L"
21500931,"2016-03-06","LAL vs. GSW","LAL","GSW","W"
21500932,"2016-03-06","MEM vs. PHX","MEM","PHX","L"
21500933,"2016-03-06","DEN vs. DAL","DEN","DAL","W"
21500934,"2016-03-06","DET vs. POR","DET","POR","W"
21500935,"2016-03-06","MIA vs. PHI","MIA","PHI","W"
21500936,"2016-03-06","TOR vs. HOU","TOR","HOU","L"
21500937,"2016-03-07","CHA vs. MIN","CHA","MIN","W"
21500938,"2016-03-07","CLE vs. MEM","CLE","MEM","L"
21500939,"2016-03-07","IND vs. SAS","IND","SAS","W"
21500940,"2016-03-07","CHI vs. MIL","CHI","MIL","W"
21500941,"2016-03-07","NOP vs. SAC","NOP","SAC","W"
21500942,"2016-03-07","DAL vs. LAC","DAL","LAC","L"
21500943,"2016-03-07","GSW vs. ORL","GSW","ORL","W"
21500944,"2016-03-08","TOR vs. BKN","TOR","BKN","W"
21500945,"2016-03-08","MIN vs. SAS","MIN","SAS","L"
21500946,"2016-03-08","DEN vs. NYK","DEN","NYK","W"
21500947,"2016-03-08","UTA vs. ATL","UTA","ATL","L"
21500948,"2016-03-08","POR vs. WAS","POR","WAS","W"
21500949,"2016-03-08","LAL vs. ORL","LAL","ORL","W"
21500950,"2016-03-09","CHA vs. NOP","CHA","NOP","W"
21500951,"2016-03-09","PHI vs. HOU","PHI","HOU","L"
21500952,"2016-03-09","MIL vs. MIA","MIL","MIA","W"
21500953,"2016-03-09","BOS vs. MEM","BOS","MEM","W"
21500954,"2016-03-09","DAL vs. DET","DAL","DET","L"
21500955,"2016-03-09","OKC vs. LAC","OKC","LAC","W"
21500956,"2016-03-09","PHX vs. NYK","PHX","NYK","L"
21500957,"2016-03-09","SAC vs. CLE","SAC","CLE","L"
21500958,"2016-03-09","GSW vs. UTA","GSW","UTA","W"
21500959,"2016-03-10","TOR vs. ATL","TOR","ATL","W"
21500960,"2016-03-10","SAS vs. CHI","SAS","CHI","W"
21500961,"2016-03-10","DEN vs. PHX","DEN","PHX","W"
21500962,"2016-03-10","LAL vs. CLE","LAL","CLE","L"
21500963,"2016-03-11","CHA vs. DET","CHA","DET","W"
21500964,"2016-03-11","PHI vs. BKN","PHI","BKN","W"
21500965,"2016-03-11","BOS vs. HOU","BOS","HOU","L"
21500966,"2016-03-11","CHI vs. MIA","CHI","MIA","L"
21500967,"2016-03-11","MEM vs. NOP","MEM","NOP","W"
21500968,"2016-03-11","OKC vs. MIN","OKC","MIN","L"
21500969,"2016-03-11","UTA vs. WAS","UTA","WAS","W"
21500970,"2016-03-11","SAC vs. ORL","SAC","ORL","L"
21500971,"2016-03-11","GSW vs. POR","GSW","POR","W"
21500972,"2016-03-11","LAC vs. NYK","LAC","NYK","W"
21500973,"2016-03-12","DAL vs. IND","DAL","IND","L"
21500974,"2016-03-12","ATL vs. MEM","ATL","MEM","W"
21500975,"2016-03-12","CHA vs. HOU","CHA","HOU","W"
21500976,"2016-03-12","PHI vs. DET","PHI","DET","L"
21500977,"2016-03-12","TOR vs. MIA","TOR","MIA","W"
21500978,"2016-03-12","MIL vs. NOP","MIL","NOP","W"
21500979,"2016-03-12","SAS vs. OKC","SAS","OKC","W"
21500980,"2016-03-12","DEN vs. WAS","DEN","WAS","W"
21500981,"2016-03-12","GSW vs. PHX","GSW","PHX","W"
21500982,"2016-03-12","POR vs. ORL","POR","ORL","W"
21500983,"2016-03-13","LAC vs. CLE","LAC","CLE","L"
21500984,"2016-03-13","ATL vs. IND","ATL","IND","W"
21500985,"2016-03-13","BKN vs. MIL","BKN","MIL","L"
21500986,"2016-03-13","SAC vs. UTA","SAC","UTA","L"
21500987,"2016-03-13","LAL vs. NYK","LAL","NYK","L"
21500988,"2016-03-14","CHA vs. DAL","CHA","DAL","L"
21500989,"2016-03-14","WAS vs. DET","WAS","DET","W"
21500990,"2016-03-14","MIA vs. DEN","MIA","DEN","W"
21500991,"2016-03-14","TOR vs. CHI","TOR","CHI","L"
21500992,"2016-03-14","HOU vs. MEM","HOU","MEM","W"
21500993,"2016-03-14","OKC vs. POR","OKC","POR","W"
21500994,"2016-03-14","UTA vs. CLE","UTA","CLE","W"
21500995,"2016-03-14","PHX vs. MIN","PHX","MIN","W"
21500996,"2016-03-14","GSW vs. NOP","GSW","NOP","W"
21500997,"2016-03-15","IND vs. BOS","IND","BOS","W"
21500998,"2016-03-15","ORL vs. DEN","ORL","DEN","W"
21500999,"2016-03-15","BKN vs. PHI","BKN","PHI","W"
21501000,"2016-03-15","MIL vs. TOR","MIL","TOR","L"
21501001,"2016-03-15","SAS vs. LAC","SAS","LAC","W"
21501002,"2016-03-15","LAL vs. SAC","LAL","SAC","L"
21501003,"2016-03-16","BOS vs. OKC","BOS","OKC","L"
21501004,"2016-03-16","CHA vs. ORL","CHA","ORL","W"
21501005,"2016-03-16","CLE vs. DAL","CLE","DAL","W"
21501006,"2016-03-16","WAS vs. CHI","WAS","CHI","W"
21501007,"2016-03-16","DET vs. ATL","DET","ATL","L"
21501008,"2016-03-16","MEM vs. MIN","MEM","MIN","L"
21501009,"2016-03-16","HOU vs. LAC","HOU","LAC","L"
21501010,"2016-03-16","SAC vs. NOP","SAC","NOP","L"
21501011,"2016-03-16","GSW vs. NYK","GSW","NYK","W"
21501012,"2016-03-17","IND vs. TOR","IND","TOR","L"
21501013,"2016-03-17","PHI vs. WAS","PHI","WAS","L"
21501014,"2016-03-17","MIA vs. CHA","MIA","CHA","L"
21501015,"2016-03-17","ATL vs. DEN","ATL","DEN","W"
21501016,"2016-03-17","CHI vs. BKN","CHI","BKN","W"
21501017,"2016-03-17","MIL vs. MEM","MIL","MEM","W"
21501018,"2016-03-17","SAS vs. POR","SAS","POR","W"
21501019,"2016-03-17","UTA vs. PHX","UTA","PHX","W"
21501020,"2016-03-18","ORL vs. CLE","ORL","CLE","L"
21501021,"2016-03-18","PHI vs. OKC","PHI","OKC","L"
21501022,"2016-03-18","DET vs. SAC","DET","SAC","W"
21501023,"2016-03-18","TOR vs. BOS","TOR","BOS","W"
21501024,"2016-03-18","HOU vs. MIN","HOU","MIN","W"
21501025,"2016-03-18","NOP vs. POR","NOP","POR","L"
21501026,"2016-03-18","DAL vs. GSW","DAL","GSW","L"
21501027,"2016-03-18","LAL vs. PHX","LAL","PHX","L"
21501028,"2016-03-19","CHA vs. DEN","CHA","DEN","L"
21501029,"2016-03-19","ATL vs. HOU","ATL","HOU","W"
21501030,"2016-03-19","DET vs. BKN","DET","BKN","W"
21501031,"2016-03-19","IND vs. OKC","IND","OKC","L"
21501032,"2016-03-19","WAS vs. NYK","WAS","NYK","W"
21501033,"2016-03-19","MIA vs. CLE","MIA","CLE","W"
21501034,"2016-03-19","CHI vs. UTA","CHI","UTA","W"
21501035,"2016-03-19","MEM vs. LAC","MEM","LAC","W"
21501036,"2016-03-19","SAS vs. GSW","SAS","GSW","W"
21501037,"2016-03-20","DAL vs. POR","DAL","POR","W"
21501038,"2016-03-20","TOR vs. ORL","TOR","ORL","W"
21501039,"2016-03-20","PHI vs. BOS","PHI","BOS","L"
21501040,"2016-03-20","NOP vs. LAC","NOP","LAC","W"
21501041,"2016-03-20","MIL vs. UTA","MIL","UTA","L"
21501042,"2016-03-20","NYK vs. SAC","NYK","SAC","L"
21501043,"2016-03-21","CHA vs. SAS","CHA","SAS","W"
21501044,"2016-03-21","CLE vs. DEN","CLE","DEN","W"
21501045,"2016-03-21","IND vs. PHI","IND","PHI","W"
21501046,"2016-03-21","BOS vs. ORL","BOS","ORL","W"
21501047,"2016-03-21","DET vs. MIL","DET","MIL","W"
21501048,"2016-03-21","ATL vs. WAS","ATL","WAS","L"
21501049,"2016-03-21","CHI vs. SAC","CHI","SAC","W"
21501050,"2016-03-21","MIN vs. GSW","MIN","GSW","L"
21501051,"2016-03-21","PHX vs. MEM","PHX","MEM","L"
21501052,"2016-03-22","BKN vs. CHA","BKN","CHA","L"
21501053,"2016-03-22","NOP vs. MIA","NOP","MIA","L"
21501054,"2016-03-22","OKC vs. HOU","OKC","HOU","W"
21501055,"2016-03-22","LAL vs. MEM","LAL","MEM","W"
21501056,"2016-03-23","WAS vs. ATL","WAS","ATL","L"
21501057,"2016-03-23","BOS vs. TOR","BOS","TOR","W"
21501058,"2016-03-23","DET vs. ORL","DET","ORL","W"
21501059,"2016-03-23","CLE vs. MIL","CLE","MIL","W"
21501060,"2016-03-23","CHI vs. NYK","CHI","NYK","L"
21501061,"2016-03-23","HOU vs. UTA","HOU","UTA","L"
21501062,"2016-03-23","MIN vs. SAC","MIN","SAC","W"
21501063,"2016-03-23","SAS vs. MIA","SAS","MIA","W"
21501064,"2016-03-23","DEN vs. PHI","DEN","PHI","W"
21501065,"2016-03-23","PHX vs. LAL","PHX","LAL","W"
21501066,"2016-03-23","GSW vs. LAC","GSW","LAC","W"
21501067,"2016-03-23","POR vs. DAL","POR","DAL","W"
21501068,"2016-03-24","IND vs. NOP","IND","NOP","W"
21501069,"2016-03-24","BKN vs. CLE","BKN","CLE","W"
21501070,"2016-03-24","NYK vs. CHI","NYK","CHI","W"
21501071,"2016-03-24","OKC vs. UTA","OKC","UTA","W"
21501072,"2016-03-24","LAC vs. POR","LAC","POR","W"
21501073,"2016-03-25","WAS vs. MIN","WAS","MIN","L"
21501074,"2016-03-25","DET vs. CHA","DET","CHA","W"
21501075,"2016-03-25","MIA vs. ORL","MIA","ORL","W"
21501076,"2016-03-25","ATL vs. MIL","ATL","MIL","W"
21501077,"2016-03-25","HOU vs. TOR","HOU","TOR","W"
21501078,"2016-03-25","SAS vs. MEM","SAS","MEM","W"
21501079,"2016-03-25","SAC vs. PHX","SAC","PHX","W"
21501080,"2016-03-25","GSW vs. DAL","GSW","DAL","W"
21501081,"2016-03-25","LAL vs. DEN","LAL","DEN","L"
21501082,"2016-03-26","BKN vs. IND","BKN","IND","W"
21501083,"2016-03-26","ORL vs. CHI","ORL","CHI","W"
21501084,"2016-03-26","NOP vs. TOR","NOP","TOR","L"
21501085,"2016-03-26","DET vs. ATL","DET","ATL","L"
21501086,"2016-03-26","NYK vs. CLE","NYK","CLE","L"
21501087,"2016-03-26","MIN vs. UTA","MIN","UTA","L"
21501088,"2016-03-26","OKC vs. SAS","OKC","SAS","W"
21501089,"2016-03-26","MIL vs. CHA","MIL","CHA","L"
21501090,"2016-03-26","PHX vs. BOS","PHX","BOS","L"
21501091,"2016-03-26","POR vs. PHI","POR","PHI","W"
21501092,"2016-03-27","LAC vs. DEN","LAC","DEN","W"
21501093,"2016-03-27","IND vs. HOU","IND","HOU","W"
21501094,"2016-03-27","GSW vs. PHI","GSW","PHI","W"
21501095,"2016-03-27","SAC vs. DAL","SAC","DAL","W"
21501096,"2016-03-27","LAL vs. WAS","LAL","WAS","L"
21501097,"2016-03-28","MIA vs. BKN","MIA","BKN","W"
21501098,"2016-03-28","TOR vs. OKC","TOR","OKC","L"
21501099,"2016-03-28","CHI vs. ATL","CHI","ATL","L"
21501100,"2016-03-28","MEM vs. SAS","MEM","SAS","L"
21501101,"2016-03-28","MIN vs. PHX","MIN","PHX","W"
21501102,"2016-03-28","NOP vs. NYK","NOP","NYK","W"
21501103,"2016-03-28","DEN vs. DAL","DEN","DAL","L"
21501104,"2016-03-28","UTA vs. LAL","UTA","LAL","W"
21501105,"2016-03-28","POR vs. SAC","POR","SAC","W"
21501106,"2016-03-28","LAC vs. BOS","LAC","BOS","W"
21501107,"2016-03-29","IND vs. CHI","IND","CHI","L"
21501108,"2016-03-29","ORL vs. BKN","ORL","BKN","W"
21501109,"2016-03-29","PHI vs. CHA","PHI","CHA","L"
21501110,"2016-03-29","DET vs. OKC","DET","OKC","W"
21501111,"2016-03-29","CLE vs. HOU","CLE","HOU","L"
21501112,"2016-03-29","GSW vs. WAS","GSW","WAS","W"
21501113,"2016-03-30","TOR vs. ATL","TOR","ATL","W"
21501114,"2016-03-30","MEM vs. DEN","MEM","DEN","L"
21501115,"2016-03-30","MIL vs. PHX","MIL","PHX","W"
21501116,"2016-03-30","MIN vs. LAC","MIN","LAC","L"
21501117,"2016-03-30","DAL vs. NYK","DAL","NYK","W"
21501118,"2016-03-30","SAS vs. NOP","SAS","NOP","W"
21501119,"2016-03-30","UTA vs. GSW","UTA","GSW","L"
21501120,"2016-03-30","SAC vs. WAS","SAC","WAS","W"
21501121,"2016-03-30","LAL vs. MIA","LAL","MIA","W"
21501122,"2016-03-31","CLE vs. BKN","CLE","BKN","W"
21501123,"2016-03-31","IND vs. ORL","IND","ORL","L"
21501124,"2016-03-31","HOU vs. CHI","HOU","CHI","L"
21501125,"2016-03-31","NOP vs. DEN","NOP","DEN","W"
21501126,"2016-03-31","OKC vs. LAC","OKC","LAC","W"
21501127,"2016-03-31","POR vs. BOS","POR","BOS","W"
21501128,"2016-04-01","CHA vs. PHI","CHA","PHI","W"
21501129,"2016-04-01","DET vs. DAL","DET","DAL","L"
21501130,"2016-04-01","NYK vs. BKN","NYK","BKN","W"
21501131,"2016-04-01","ATL vs. CLE","ATL","CLE","L"
21501132,"2016-04-01","MEM vs. TOR","MEM","TOR","L"
21501133,"2016-04-01","MIL vs. ORL","MIL","ORL","W"
21501134,"2016-04-01","UTA vs. MIN","UTA","MIN","W"
21501135,"2016-04-01","SAC vs. MIA","SAC","MIA","L"
21501136,"2016-04-01","GSW vs. BOS","GSW","BOS","L"
21501137,"2016-04-01","PHX vs. WAS","PHX","WAS","L"
21501138,"2016-04-02","PHI vs. IND","PHI","IND","L"
21501139,"2016-04-02","CHI vs. DET","CHI","DET","L"
21501140,"2016-04-02","SAS vs. TOR","SAS","TOR","W"
21501141,"2016-04-02","DEN vs. SAC","DEN","SAC","L"
21501142,"2016-04-02","POR vs. MIA","POR","MIA","W"
21501143,"2016-04-03","BKN vs. NOP","BKN","NOP","L"
21501144,"2016-04-03","CLE vs. CHA","CLE","CHA","W"
21501145,"2016-04-03","HOU vs. OKC","HOU","OKC","W"
21501146,"2016-04-03","MIN vs. DAL","MIN","DAL","L"
21501147,"2016-04-03","LAC vs. WAS","LAC","WAS","W"
21501148,"2016-04-03","ORL vs. MEM","ORL","MEM","W"
21501149,"2016-04-03","PHX vs. UTA","PHX","UTA","L"
21501150,"2016-04-03","MIL vs. CHI","MIL","CHI","L"
21501151,"2016-04-03","NYK vs. IND","NYK","IND","L"
21501152,"2016-04-03","GSW vs. POR","GSW","POR","W"
21501153,"2016-04-03","LAL vs. BOS","LAL","BOS","L"
21501154,"2016-04-05","PHI vs. NOP","PHI","NOP","W"
21501155,"2016-04-05","MIA vs. DET","MIA","DET","W"
21501156,"2016-04-05","TOR vs. CHA","TOR","CHA","W"
21501157,"2016-04-05","ATL vs. PHX","ATL","PHX","W"
21501158,"2016-04-05","MEM vs. CHI","MEM","CHI","W"
21501159,"2016-04-05","MIL vs. CLE","MIL","CLE","L"
21501160,"2016-04-05","DEN vs. OKC","DEN","OKC","L"
21501161,"2016-04-05","UTA vs. SAS","UTA","SAS","L"
21501162,"2016-04-05","SAC vs. POR","SAC","POR","L"
21501163,"2016-04-05","GSW vs. MIN","GSW","MIN","L"
21501164,"2016-04-05","LAC vs. LAL","LAC","LAL","W"
21501165,"2016-04-06","IND vs. CLE","IND","CLE","W"
21501166,"2016-04-06","ORL vs. DET","ORL","DET","L"
21501167,"2016-04-06","WAS vs. BKN","WAS","BKN","W"
21501168,"2016-04-06","BOS vs. NOP","BOS","NOP","W"
21501169,"2016-04-06","NYK vs. CHA","NYK","CHA","L"
21501170,"2016-04-06","DAL vs. HOU","DAL","HOU","W"
21501171,"2016-04-06","POR vs. OKC","POR","OKC","W"
21501172,"2016-04-06","LAL vs. LAC","LAL","LAC","L"
21501173,"2016-04-07","ATL vs. TOR","ATL","TOR","W"
21501174,"2016-04-07","MIA vs. CHI","MIA","CHI","W"
21501175,"2016-04-07","HOU vs. PHX","HOU","PHX","L"
21501176,"2016-04-07","SAC vs. MIN","SAC","MIN","L"
21501177,"2016-04-07","GSW vs. SAS","GSW","SAS","W"
21501178,"2016-04-08","CHA vs. BKN","CHA","BKN","W"
21501179,"2016-04-08","ORL vs. MIA","ORL","MIA","W"
21501180,"2016-04-08","PHI vs. NYK","PHI","NYK","L"
21501181,"2016-04-08","BOS vs. MIL","BOS","MIL","W"
21501182,"2016-04-08","DET vs. WAS","DET","WAS","W"
21501183,"2016-04-08","TOR vs. IND","TOR","IND","W"
21501184,"2016-04-08","NOP vs. LAL","NOP","LAL","W"
21501185,"2016-04-08","DAL vs. MEM","DAL","MEM","W"
21501186,"2016-04-08","DEN vs. SAS","DEN","SAS","W"
21501187,"2016-04-08","UTA vs. LAC","UTA","LAC","L"
21501188,"2016-04-09","ATL vs. BOS","ATL","BOS","W"
21501189,"2016-04-09","NOP vs. PHX","NOP","PHX","L"
21501190,"2016-04-09","MEM vs. GSW","MEM","GSW","L"
21501191,"2016-04-09","CHI vs. CLE","CHI","CLE","W"
21501192,"2016-04-09","POR vs. MIN","POR","MIN","L"
21501193,"2016-04-09","SAC vs. OKC","SAC","OKC","W"
21501194,"2016-04-10","WAS vs. CHA","WAS","CHA","W"
21501195,"2016-04-10","HOU vs. LAL","HOU","LAL","W"
21501196,"2016-04-10","LAC vs. DAL","LAC","DAL","W"
21501197,"2016-04-10","PHI vs. MIL","PHI","MIL","L"
21501198,"2016-04-10","DEN vs. UTA","DEN","UTA","L"
21501199,"2016-04-10","IND vs. BKN","IND","BKN","W"
21501200,"2016-04-10","MIA vs. ORL","MIA","ORL","W"
21501201,"2016-04-10","SAS vs. GSW","SAS","GSW","L"
21501202,"2016-04-10","NYK vs. TOR","NYK","TOR","L"
21501203,"2016-04-11","CLE vs. ATL","CLE","ATL","W"
21501204,"2016-04-11","ORL vs. MIL","ORL","MIL","W"
21501205,"2016-04-11","BOS vs. CHA","BOS","CHA","L"
21501206,"2016-04-11","BKN vs. WAS","BKN","WAS","L"
21501207,"2016-04-11","MIN vs. HOU","MIN","HOU","L"
21501208,"2016-04-11","NOP vs. CHI","NOP","CHI","L"
21501209,"2016-04-11","OKC vs. LAL","OKC","LAL","W"
21501210,"2016-04-11","UTA vs. DAL","UTA","DAL","L"
21501211,"2016-04-11","PHX vs. SAC","PHX","SAC","L"
21501212,"2016-04-12","IND vs. NYK","IND","NYK","W"
21501213,"2016-04-12","DET vs. MIA","DET","MIA","L"
21501214,"2016-04-12","TOR vs. PHI","TOR","PHI","W"
21501215,"2016-04-12","SAS vs. OKC","SAS","OKC","W"
21501216,"2016-04-12","LAC vs. MEM","LAC","MEM","W"
21501217,"2016-04-13","BOS vs. MIA","BOS","MIA","W"
21501218,"2016-04-13","BKN vs. TOR","BKN","TOR","L"
21501219,"2016-04-13","CHA vs. ORL","CHA","ORL","W"
21501220,"2016-04-13","CLE vs. DET","CLE","DET","L"
21501221,"2016-04-13","WAS vs. ATL","WAS","ATL","W"
21501222,"2016-04-13","CHI vs. PHI","CHI","PHI","W"
21501223,"2016-04-13","DAL vs. SAS","DAL","SAS","L"
21501224,"2016-04-13","HOU vs. SAC","HOU","SAC","W"
21501225,"2016-04-13","MIL vs. IND","MIL","IND","L"
21501226,"2016-04-13","MIN vs. NOP","MIN","NOP","W"
21501227,"2016-04-13","GSW vs. MEM","GSW","MEM","W"
21501228,"2016-04-13","LAL vs. UTA","LAL","UTA","W"
21501229,"2016-04-13","PHX vs. LAC","PHX","LAC","W"
21501230,"2016-04-13","POR vs. DEN","POR","DEN","W"
